-22.3643315018315, -180.3665998931624, 140.51388125763128, 87.31548693833729, 106.5720395645487, 143.1334201388889, 87.63512194163717, 87.06328125, -147.77274210164836, 92.51888890869223, 202.34077160390342, 2320.080765739698, 11357.55038345402, 4316.951345147445, 135.48279338958434, 5550.447590033279, -238.31507554945057, 1.10729593710969, 147.36187423687423, 209.6998712225275, 8211.503886281587, 39532.097931664, 295.8482905982906, -129.24503205128207, -307.95117521367524, 18148.733823519087, 56.51539529168645, 19506.06450604723, 1.103929331834465, 113.41278540683126, 
-11.18216575091575, -151.37010550213677, 155.7701694139194, 85.24503013714758, 70.59023391247786, 140.443890224359, 82.00844097589577, 108.89433379120881, -196.13156765109892, 77.04156335176009, 124.52651027565257, 2307.507896293678, 4954.407387486296, 6630.074066916082, 82.25483756074622, 4667.865445898571, -187.0860319368132, 1.0975441658567964, 179.1747023809524, 127.07238152472529, 5713.31441100869, 14980.839080132993, 339.3010082799145, -97.60557081807085, -188.3511418269231, 6663.643660741587, 95.59651114891012, 17311.92586838847, 1.0985592747983277, 156.18329668155204, 
-40.307806776556774, -197.59640090811968, 151.7827304639805, 84.56727202481059, 79.36338956169787, 121.70122863247866, 71.51212103245074, 31.833327609890112, -166.0377661401099, 61.026888732164174, 105.53882241973857, 2509.018610846099, 6230.981244533312, 6461.548989800474, 67.8962975034217, 3541.8008526461863, -109.50316792582419, 1.1328127339807463, 101.7663766788767, 106.98085508241758, 3704.7371785472033, 10992.36982754824, 174.90349225427352, -87.03018925518926, -159.18655181623933, 4605.269508953974, 99.02751183390365, 17831.89523723057, 1.090220814168509, 164.25309230977035, 
-57.73118131868132, -211.3802417200855, 190.703601953602, 93.5255177587967, 117.16849995592469, 206.0852297008547, 66.48775048822016, 85.49770776098902, -147.33786057692308, 53.41168080188132, 92.3619979007625, 4602.040291816182, 13473.875054802005, 6092.950402008793, 67.10895550392272, 3246.2796224712974, -112.11245707417584, 1.1354571188024474, 105.92718253968255, 115.41755666208792, 2850.5846979775083, 8530.673373240727, 168.59990651709404, -94.05154914529916, -165.23799412393163, 4495.552518181392, 91.96997790077187, 16710.600747920387, 1.1282238599404675, 149.7294047284285, 
3.9007554945054927, -92.87282986111114, 190.2701846764347, 84.2205675481762, 69.36797681798902, 157.58964342948718, 75.02546017040413, 76.80007726648353, -159.68849587912092, 62.81192042508998, 113.16273022837063, 2359.8119295818224, 4697.621262492897, 6053.268734528737, 59.353272871710566, 3954.8926027379966, -103.50180288461539, 1.1125158652013176, 94.48496642246643, 102.45808722527474, 3928.3123782566104, 12794.044438620142, 167.42323717948722, -89.80405982905984, -149.94129273504274, 3499.0875443614696, 94.62538153435707, 16692.057702995415, 1.1101312007605928, 156.9471344700976, 
-50.9698717948718, -184.5689903846154, 182.98877442002444, 85.26832927002891, 93.18068608820259, 175.91206597222225, 70.27041699305195, 55.49088255494506, -158.12292239010992, 59.3409636856275, 102.07671520343567, 3396.1663257607993, 8420.710432841697, 6285.118554990866, 60.15262637343772, 3635.321597779747, -103.67575549450551, 1.0972745355443916, 100.11939102564105, 107.06783138736266, 3500.528846138669, 10383.764569804653, 172.38205795940172, -108.96110347985348, -171.2053886217949, 3588.958121056325, 95.45406728648, 16387.679777168818, 1.1291125993031292, 152.82400480472674, 
-21.497496947496945, -174.56730101495728, 176.054097985348, 90.51290168602243, 97.69698181271639, 137.58626469017094, 83.56069778955352, 87.06328125000002, -153.16527300824177, 35.04363707572162, 47.725099580802976, 3836.482019362173, 9417.782717007407, 6823.73196481806, 38.56216280935547, 5639.544685224854, -94.71719608516486, 1.1494142212314236, 22.797748778998773, 112.72129120879123, 1156.5383920235631, 2108.14684789139, 43.03247863247864, -118.06286630036632, -162.04417735042736, 1466.6792721841166, 105.42862358111097, 17920.040325503163, 1.0922527179037327, 173.1829862529915, 
-5.201007326007321, -150.44557959401712, 118.58296703296706, 69.7068271705548, 65.70415909922004, 66.14562633547008, 54.02134079194395, 31.74635130494506, -127.2463341346154, 75.31487623070035, 118.28090053225367, 1258.3510983527701, 3795.0256792518567, 6783.671677819777, 79.31520660995993, 1675.2693103053039, -115.33058035714288, 1.1255808043798354, 119.18975122100123, 122.2017084478022, 5644.918229167699, 13842.259540214338, 163.72513354700857, -128.11814713064715, -190.36828926282055, 6287.753800109504, 100.50871860510568, 16650.810478730124, 1.1056338718606735, 156.23355082207496, 
-59.55153388278389, -255.42129407051286, 185.1558608058608, 89.76975976419754, 109.68844825437544, 163.22084668803421, 69.61997018496872, 72.27730940934066, -153.8610834478022, 53.798272153434255, 91.08981582339624, 3673.1647512134537, 11879.07506334102, 6346.03623867376, 57.77562747148221, 3414.423055926981, -115.33058035714286, 1.143660706023485, 89.1105921855922, 87.15025755494509, 2830.8212105686343, 8159.768395167114, 146.91557158119662, -105.2337148962149, -161.3717948717949, 3284.797752222016, 96.99671674027583, 17049.35704294395, 1.1060420958952426, 154.9532164262726, 
-13.34925213675214, -99.93284588675215, 154.03650030525034, 80.88794175001962, 63.791667541649424, 121.53313301282054, 60.23486589060216, 54.969024725274735, -145.68531078296704, 75.31884091029436, 124.33526666432853, 1750.7020757456462, 4062.7969088547716, 6607.813252401151, 77.96218503012743, 2139.8836384130163, -114.1129120879121, 1.1450048554300776, 114.768894993895, 121.33194539835166, 5672.64636290539, 15457.56577911588, 178.43350026709402, -129.5050824175824, -242.39388354700856, 6077.913172731276, 97.4874944231021, 17061.546627571443, 1.1145771360622614, 156.08352101509837, 
2.16708638583639, -103.21071047008549, 125.77769383394386, 75.79081462463063, 65.35166408640427, 96.15069444444445, 54.30532469013919, 57.491337568681324, -105.4152815934066, 42.02637774190623, 69.40172461852197, 1925.6377041905062, 4261.685010361391, 7134.600981063686, 45.86217590980555, 2368.1197726525043, -74.45171703296704, 1.131667410878816, 70.73369963369966, 107.58968921703297, 1641.7178190344075, 4678.460594917769, 166.07847222222225, -61.978670634920654, -102.70642361111109, 1997.0036766025476, 111.45974563482291, 17154.139924138002, 1.0937572505246171, 172.53735147231959, 
-26.78518772893773, -146.075093482906, 169.03273809523813, 90.36561934712408, 84.6337323664655, 145.73890224358976, 71.9420130710761, 50.53323317307693, -135.16117788461537, 56.248508836061795, 93.71428336119479, 2982.5483951867195, 7138.644147816926, 6727.009163442428, 58.25803537022975, 3118.76548850164, -121.24496909340661, 1.1322469432429265, 116.58924755799757, 128.11609718406595, 3123.3683705431713, 8774.085190279908, 188.85542868589746, -123.00382326007326, -192.7216279380342, 3265.679769288355, 101.88619512059147, 16542.822642331732, 1.1014900602346096, 158.50911569308516, 
13.782669413919404, -96.2347422542735, 206.3933073870574, 90.31422885353238, 66.81004547034041, 177.2568309294872, 68.22016626425125, 20.961289491758237, -160.6452352335165, 87.38839584220067, 133.4368810458627, 1757.4663060531395, 4351.931451056292, 6435.927859810816, 82.2385961089062, 2589.8388071840427, -113.76500686813188, 1.1513966232980668, 139.38699633699636, 174.7353966346154, 7453.025553260143, 17452.347331202775, 226.4247996794872, -208.6470772283273, -309.71617922008556, 6576.720021461706, 90.41436115274213, 16034.331261205365, 1.1264020819230083, 144.87924691017253, 
-17.770108363858363, -147.84009748931626, 171.8066086691087, 76.82502855210245, 76.71759039724304, 157.0013087606838, 50.24444305331294, 56.186692994505506, -95.32603021978022, 67.27722054697634, 103.72142808123644, 2365.604194164813, 5830.3363880368415, 6469.446526900957, 73.72514872279422, 1981.0020843425891, -120.98404017857143, 1.1328222554314396, 123.17719017094018, 122.72356627747254, 4411.507286080207, 10749.242222040964, 167.6753806089744, -122.65708943833947, -181.96350827991455, 5100.132236257017, 97.43191856089184, 16435.59476887539, 1.1175571747142141, 156.77038630470622, 
9.015079365079362, -95.2261685363248, 128.11814713064715, 77.78729483522082, 62.85772690123967, 86.90543536324788, 48.15253013504771, 25.136152129120887, -107.85061813186813, 74.69480107694032, 121.58359191083996, 1850.7839602964877, 3942.5586580164145, 6524.860691811375, 63.50164981578632, 1526.6909985178559, -121.33194539835165, 1.1464364808504475, 123.26387362637364, 124.89797390109891, 5460.399109568849, 14545.795495892595, 204.57236912393165, -131.75885225885227, -200.70616987179488, 3992.0578902938355, 96.61611019655399, 15212.198284170481, 1.1126246158403414, 145.12695245322945, 
-6.761309523809531, -130.610296474359, 150.22242826617827, 90.29805192422039, 69.14923825858486, 162.29632077991457, 55.15875153807906, 46.27139423076924, -118.28777472527474, 82.48867942021919, 112.37215936328191, 2164.373001210179, 4441.704228469597, 6358.028920467857, 86.7855933987884, 1832.1074517363088, -126.20261847527476, 1.1475279567693948, 132.10558608058608, 134.90024896978025, 6803.975200955577, 12626.807053778239, 194.90687099358973, -130.45860042735043, -194.15044070512823, 7526.53051889775, 90.72860752863333, 16199.15296387625, 1.1056612795026095, 154.47880991752328, 
-25.138202075702075, -198.52092681623932, 147.79529151404154, 87.8960287393733, 111.09279392817632, 186.4180422008547, 84.14107340149341, 77.6698403159341, -161.68895089285715, 83.04415098225832, 176.307919054443, 2417.757297812587, 12338.264059463332, 3921.5859945723346, 123.5728119885222, 5023.463569288983, -178.64933035714287, 1.1203323046882505, 125.77769383394384, 200.65433550824181, 6371.998796781097, 29947.898591487465, 268.8689436431624, -137.9133775946276, -295.3440037393163, 13996.598135978616, 56.44579553922789, 17419.84951814526, 1.1071838623753603, 114.57890663601587, 
6.761309523809524, -97.07522035256414, 127.42467948717949, 83.89496022946581, 56.37731369323713, 83.87971420940173, 55.20291999327557, 28.528228021978027, -138.81418269230772, 77.45366738095353, 124.70113809466854, 1238.0059655718144, 2985.896628722837, 7025.382452191807, 68.41936063436616, 1593.6993530741424, -129.07283653846156, 1.1177726914400676, 130.80533424908427, 107.1548076923077, 5838.989461366978, 15071.816043700443, 199.10926148504277, -136.9598595848596, -201.54664797008547, 4656.284453421938, 102.1382720933638, 15140.869711713702, 1.1170500872270452, 144.96069877043638, 
24.53141788766788, -78.08041533119658, 125.60432692307694, 91.8974872521926, 49.16933361001937, 85.39257478632479, 67.61032001527006, 26.440796703296698, -105.50225789835167, 81.36927526886615, 114.61662167173844, 925.114297982907, 2233.3318215781196, 6684.785159867851, 89.68347425256307, 1232.6155435464561, -126.81145260989011, 1.1476099634026162, 129.1583485958486, 129.768646978022, 6453.692031421411, 12918.353313814707, 199.94973958333335, -125.69101037851038, -192.469484508547, 7837.67074008199, 97.96189918460135, 16638.218334565063, 1.0875172240157112, 159.9727657341082, 
-17.68342490842491, -140.69603365384614, 117.71613247863249, 66.74342145876857, 63.52741349215919, 91.61211271367522, 54.3225536994083, 54.186237980769235, -130.46445741758242, 79.8409098670634, 127.6847101623564, 1408.7898867752235, 3209.6878134806793, 6678.497159222773, 72.44936167167931, 1938.243483622575, -125.59378434065935, 1.1273563084415568, 139.90709706959709, 130.37748111263738, 5775.499226206524, 15033.201748918167, 197.17616185897438, -123.95734126984128, -194.40258413461544, 4978.685013102077, 97.28984495237755, 15391.162938023033, 1.111022149551877, 145.00272192163584, 
-33.28644688644689, -172.46610576923078, 191.2237026862027, 96.58705023287699, 77.59279419139925, 152.46272702991453, 62.47500416303602, 69.05918612637365, -144.38066620879124, 66.35550740324524, 99.585135530399, 2697.0125986794237, 5214.19110436888, 6847.199924911925, 69.44150058318317, 2575.5357659743813, -116.46127232142858, 1.1286943980173811, 66.91962759462763, 132.1170072115385, 3858.6842575715227, 7731.880575988064, 119.01169871794873, -126.4711614774115, -196.16758814102565, 4725.662805462437, 100.71924775887213, 15176.194743454633, 1.1041875344850436, 150.95262278417312, 
-27.565338827838836, -194.6547275641026, 172.67344322344323, 73.18461090396958, 85.8500386943556, 124.89504540598293, 64.97665321530667, 88.45490212912088, -153.0782967032967, 51.37984557223139, 85.04284180211289, 2351.666730334484, 6909.592438851774, 6624.823376931607, 58.43619930885947, 3655.0192076887006, -114.1129120879121, 1.1274171761040928, 93.44476495726497, 114.54779361263736, 2575.06736429766, 7193.769385243272, 140.27579460470088, -115.722413003663, -183.980655715812, 3279.2786353775573, 103.70086365687993, 16921.405830143805, 1.0937371777302412, 163.62112629477934, 
-8.755028998778998, -143.9738982371795, 128.55156440781442, 74.41598907161715, 64.80195366349284, 88.7544871794872, 55.82937403156578, 30.18077781593407, -116.11336710164838, 67.47309654506026, 106.15448798307126, 1447.9340672844296, 4036.257501387255, 6704.526489930285, 69.29105646391474, 1843.7738728629495, -113.1561727335165, 1.13462993532914, 124.9108592796093, 122.63658997252747, 4538.699471469375, 11170.415704838775, 183.3082732371795, -129.5917658730159, -184.1487513354701, 4800.190018977069, 102.02341185987089, 16060.912219322852, 1.1016315703572084, 156.42668579394652, 
-12.742467948717955, -136.57769097222223, 155.33675213675215, 84.45624713423221, 65.64492943586372, 119.34788995726495, 57.67558473540064, 11.393895947802207, -122.37566105769233, 75.51734680672905, 118.30957223155731, 1705.5099375204713, 4308.5672091661345, 6692.739776480845, 77.8052222553079, 1463.8909672269237, -127.85516826923077, 1.132561217778891, 133.75257173382175, 129.24678914835167, 5686.720161140833, 13997.077019002, 198.52092681623935, -129.67844932844937, -187.76280715811967, 6004.800676058568, 98.39354526511158, 15284.153532543829, 1.1159255081528225, 146.34017226892126, 
-8.061561355311355, -196.2516359508547, 153.34303266178267, 85.6763276731838, 75.26214392821768, 134.89673477564105, 63.98780017849452, 25.918938873626374, -125.94168956043956, 80.18197698993214, 107.48406700820011, 1838.7548174647266, 5641.792225475939, 6851.365713429564, 85.31511382597235, 1638.6791471095949, -126.37657108516485, 1.1354782618510106, 125.34427655677658, 133.85653331043957, 6368.177610303791, 11448.234409994348, 199.02521367521368, -131.4988018925519, -195.32711004273506, 7212.845448673893, 97.82013750307124, 15907.515888614342, 1.1082645019715969, 152.37363070485358, 
-19.0703601953602, -143.38556356837609, 154.99001831501835, 82.93357139048337, 72.8728400988496, 111.95168269230773, 68.93809526640956, 102.89296875000001, -144.8155477335165, 58.73021290037023, 84.6737548392416, 2724.5079059542018, 5270.884986911339, 6559.229561411293, 61.42778983652775, 3741.9776817170573, -124.11518715659344, 1.146211293616888, 120.66336996336997, 109.6771205357143, 3335.2623326249795, 7025.030650101962, 185.40946848290602, -124.56412545787548, -153.05106169871797, 3636.9701601187185, 100.15780656635847, 16359.788864523864, 1.1013276066259212, 162.78609540223047, 
6.934676434676435, -98.25188969017097, 127.68472985347987, 74.41050804381648, 61.68568746846105, 83.29137954059829, 56.092701510813015, 29.224038461538463, -106.71992616758244, 67.84663056544979, 113.14231834024481, 1522.1631014466539, 3515.511696275027, 6610.689165963739, 70.67293576900671, 1638.915607028349, -121.15799278846154, 1.1238395389345979, 121.35683760683763, 129.3337654532967, 4602.857504766202, 12791.450706050853, 183.98065571581196, -124.21739163614166, -188.68733306623932, 4992.124907826983, 100.79044667855104, 15907.884213015908, 1.1073939959476313, 153.80968915576045, 
18.810309829059825, -107.5811965811966, 147.96865842490843, 83.16212841630073, 58.9336578110859, 121.95337206196584, 67.91642331760036, 49.402541208791206, -182.73721668956046, 78.44729539049409, 116.47694942176453, 1469.6727925612586, 3432.717031936337, 6848.388982738431, 83.84400669600542, 2218.555339729678, -128.5509787087912, 1.1477206879819157, 126.4711614774115, 129.85562328296706, 6153.837924409607, 13373.160189922684, 190.53638488247861, -127.16462912087916, -197.68044871794876, 6890.226512158467, 99.4230983833964, 16853.52552366446, 1.0881108813163145, 158.76792074616523, 
6.93467643467644, -113.96883012820513, 164.26514804639805, 80.95787386522743, 68.25253907694012, 161.79203392094018, 55.66986325537625, 98.2832245879121, -104.37156593406596, 61.564818732655624, 103.15116718608934, 1947.884112823522, 4650.204593198983, 6517.220750394099, 67.75893823481887, 2177.9352149272336, -132.03003090659342, 1.1370051466674695, 110.00130494505495, 120.37520604395607, 3777.571177521437, 10631.958794602298, 179.86231303418805, -114.68221153846156, -189.35971554487182, 4461.056143658165, 100.82353887651469, 15625.885532252589, 1.1022918297447466, 153.64435271749954, 
6.8479929792429886, -97.74760283119662, 127.94478021978026, 87.25293279994705, 56.0574470539837, 89.84710870726495, 59.664010712502844, 28.441251717032976, -102.63203983516485, 77.35904313723992, 114.75562813573103, 1298.4743137778546, 2986.3656579979065, 6218.99871288521, 71.27281468219282, 1566.1577518185559, -128.89888392857145, 1.1398392321920756, 124.13070818070818, 120.8970638736264, 5786.053264437766, 13020.086936772435, 188.77138087606838, -127.59804639804642, -180.03040865384617, 4763.758367201098, 93.7899221202727, 15153.333982729186, 1.1081408753517754, 149.0941247737359, 
-46.98243284493285, -194.73877537393167, 175.2739468864469, 89.87168427830987, 94.52836508857825, 158.34607371794874, 72.84439541606159, 62.7099158653846, -162.73266655219783, 51.92409889651185, 91.84482850998249, 3366.500584374552, 8896.088251642306, 6026.122462566945, 59.4181121039942, 3644.314143314055, -103.5018028846154, 1.0945666371882374, 109.39452075702076, 120.02730082417585, 2656.2013633834513, 8374.74303213483, 152.29463141025641, -109.1344703907204, -186.33399439102567, 3492.9340429315403, 94.97862185691707, 15685.674399938442, 1.1013438579265034, 150.68367002446445, 
-73.94098748473749, -214.2378672542735, 171.5465583028083, 89.87493323929084, 75.8799434812266, 103.7990451388889, 70.8640852332265, 80.36610576923078, -163.7763822115385, 71.0013023838525, 111.46638040109822, 2588.677000389131, 5757.465527788863, 6274.189906723242, 80.56552169227852, 3093.0968541148018, -119.07056146978024, 1.126067395151623, 119.96990231990233, 143.77183207417585, 5040.235636767436, 12367.48440924245, 172.97039262820516, -136.6131257631258, -207.26189903846154, 6413.389278422443, 93.45292313860648, 15022.080797277118, 1.1205612576957018, 144.7516903210413, 
13.089201770451773, -95.14212072649573, 125.60432692307694, 85.58087355867522, 66.83337880929489, 85.81281383547011, 65.90492785699408, 13.394350961538464, -107.93759443681319, 78.05839915530682, 101.47277362865327, 1558.5327686098792, 4373.408601981047, 6667.178301810247, 72.09363242362586, 1194.7197187846211, -124.20216346153849, 1.138974079187977, 124.47744200244203, 122.11473214285716, 5865.305271656136, 9919.518719713036, 166.7508547008547, -140.16714743589745, -192.46948450854705, 5192.299001438105, 97.51170893780376, 14337.117103369847, 1.1234703874844494, 146.0793209588654, 
-3.033920940170943, -147.5879540598291, 168.6860042735043, 84.74688871573203, 81.14362620820775, 140.35984241452994, 65.76570996330324, 59.23086366758242, -135.07420157967033, 57.53742451853776, 99.40936187676651, 2376.907831175497, 6497.940754427397, 6666.161916196566, 64.44478193170224, 2299.6768510154134, -116.20034340659342, 1.1195913646773095, 96.39200244200245, 125.07192651098902, 3077.3775098719507, 9390.482880371572, 162.0441773504274, -130.02518315018318, -185.15732505341882, 3996.613011756986, 102.41382868876728, 15896.736454777361, 1.114302436735402, 153.63395431338762, 
-14.129403235653239, -128.59314903846155, 154.20986721611723, 78.73246341130464, 69.47550374448811, 134.89673477564105, 66.87208034028771, 40.3570054945055, -149.4252918956044, 68.09798412501071, 100.53183916421253, 1998.2720826653997, 4400.469956817659, 6592.221540682206, 70.16238301974313, 2517.8074949248594, -123.33240041208792, 1.1414569872111289, 122.31035561660563, 116.37429601648356, 4615.2945207044795, 10106.063138921529, 195.99949252136756, -124.56412545787549, -190.7044805021368, 4835.045368125112, 99.33095851287558, 15900.212897774954, 1.0954720217897373, 156.6743931670761, 
10.488698107448105, -102.70642361111112, 160.79780982905984, 84.45943217861479, 65.69110360495709, 120.27241586538463, 71.14308514117025, 34.355640453296715, -144.29368990384614, 71.3744623853615, 111.67948488201041, 1662.023229692391, 4304.6646749197835, 5862.959535424331, 70.19313289054695, 2578.9567609844567, -120.288229739011, 1.1310851458026143, 118.14954975579977, 118.98358516483519, 4822.48634041223, 12075.259685440888, 187.59471153846158, -126.64452838827839, -171.28943643162395, 4643.185426030774, 91.3660249524011, 16580.563107589674, 1.1068542965088939, 157.39326607566113, 
10.228647741147743, -98.92427216880343, 167.7324862637363, 75.87273664634961, 63.69817105854744, 96.23474225427351, 60.638352837846654, 33.92075892857144, -154.20898866758242, 62.473872265840384, 102.91480485168246, 1831.0480042621932, 3682.7290305618685, 7204.183777171411, 56.60165598037008, 2222.550829702066, -85.84561298076923, 1.1337872316040627, 86.596771978022, 128.46400240384614, 2496.009759842138, 6944.907094939074, 181.96350827991455, -139.3003128815629, -196.75592280982906, 2772.3569847854374, 107.43068087966053, 15772.555059972055, 1.0945063957363605, 156.23065344494094, 
7.888194444444439, -99.26046340811968, 149.0088598901099, 89.1349715238049, 57.712497031749336, 95.05807291666669, 64.22646498335881, 32.44216174450549, -119.50544299450553, 62.73174287678392, 111.89729079855235, 1254.7015201028526, 3170.0916518329154, 6984.2976614310755, 62.49714695412469, 1561.2241201906188, -122.6365899725275, 1.1246928875288984, 114.68221153846157, 121.24496909340661, 3899.869631023329, 12197.257253810187, 191.8811498397436, -121.35683760683762, -192.97377136752138, 3896.941403822811, 106.64712270207417, 15933.02467042577, 1.1207466883742145, 154.98548858169653, 
-8.581662087912088, -125.90361912393163, 129.67844932844935, 74.63129579672406, 67.54023427706974, 89.00663060897436, 52.583385174405535, 37.22585851648352, -105.4152815934066, 71.6667691710421, 110.52015351775012, 1680.6185452487668, 4376.294729059617, 6550.026607353801, 66.29114635670577, 1656.949984787647, -128.46400240384617, 1.1334889901114302, 130.19855006105007, 130.5514337225275, 5129.470953215322, 12213.916597687605, 188.01495058760688, -128.20483058608062, -188.01495058760685, 4368.218440402938, 98.44633584027137, 15301.20048563655, 1.1128447299313082, 149.35495117320272, 
-11.528899572649571, -125.1471888354701, 144.76137057387058, 75.65336700170641, 70.94968237673339, 161.20369925213674, 53.74482016930726, 54.62111950549452, -147.59878949175825, 79.46877097170548, 118.98931472866023, 2132.72124985483, 4987.556063713938, 6370.7416709371155, 82.61351737524681, 2351.6341976780027, -136.98768028846158, 1.1376539802182437, 145.36815476190478, 144.90252403846154, 6266.132029421934, 14158.445445882304, 219.44883146367525, -160.19102564102565, -213.14524572649577, 6696.358863647082, 92.29019415447192, 14765.956693802487, 1.1191570795212518, 141.27599529272456, 
-34.50001526251526, -144.22604166666667, 206.65335775335777, 89.04127073767157, 82.75283504454697, 191.9651976495727, 68.70077028235721, 54.882048420329674, -137.59651442307694, 57.70454799611259, 84.00976285968954, 3097.7094420200297, 6800.949286116005, 6505.838964554772, 71.21708864152728, 2894.264249330223, -116.28731971153849, 1.1494986292060694, 93.1847145909646, 127.85516826923077, 3256.645254207569, 6862.702192699114, 178.6856436965812, -120.31663614163614, -173.64277510683763, 5052.443610842717, 98.98442189749707, 16956.786681884074, 1.10121556300504, 164.26892156716534, 
-9.621863553113549, -147.84009748931626, 164.78524877899878, 87.46832803297553, 70.26240265408809, 141.11627270299147, 65.77878731132508, 51.75090144230769, -131.2472441620879, 70.22459292705868, 109.32222269099182, 1931.3993115659978, 4929.5173020582515, 6501.598964555721, 74.84485445943929, 2157.704698727181, -119.67939560439561, 1.1273325840174662, 122.05030525030527, 124.55006868131869, 4816.181367095509, 11808.989421853912, 184.65303819444446, -129.15834859584862, -188.6032852564103, 5456.766566324568, 97.83532872864944, 16023.023833185893, 1.103202310476511, 153.64118858005904, 
-39.96107295482295, -151.53820112179488, 149.70232753357755, 85.25432023542264, 66.02038011378691, 123.80242387820512, 65.43091399899409, 118.02684581043957, -106.54597355769232, 68.57046403306072, 110.50494295897067, 2378.1953136661205, 4313.209104804794, 7004.229883705537, 69.02293575480734, 3195.724453109487, -132.986770260989, 1.1305015572998824, 116.24251373626377, 126.2895947802198, 4664.32852399398, 11259.272395674341, 194.99091880341882, -118.58296703296705, -192.46948450854705, 4583.636888075969, 102.31523758328169, 16119.076257389082, 1.1169927639994701, 154.84145682985903, 
-57.73118131868132, -238.6957799145299, 158.54403998779003, 76.6411819010161, 80.45404236301734, 131.36672676282052, 54.29280550768429, 48.79370707417583, -105.15435267857144, 66.5334252993403, 109.28278909195448, 2462.4566364552543, 6159.308263669619, 6573.113501364058, 66.73093514028662, 2116.888782788077, -121.50589800824176, 1.1410931285416281, 124.3040750915751, 123.41937671703297, 4422.469005059018, 11942.165931934931, 195.15901442307697, -128.11814713064715, -198.01663995726497, 4433.893100982581, 98.49695601118364, 15826.885325102177, 1.1123757422061773, 150.34211825869437, 
-1.8203525641025617, -140.27579460470088, 160.45107600732604, 87.4284020125847, 70.6205769198031, 130.10600961538464, 60.53599810632131, 45.14070226648352, -126.55052369505496, 71.95641618804197, 113.29033219580919, 2037.6543073740113, 4969.94324473784, 6523.6943503745015, 71.71169706506578, 1741.1765817939677, -125.15890281593407, 1.1283949405322504, 125.08422619047622, 116.02639079670332, 5158.089781021557, 12757.46973964639, 190.03209802350426, -127.25131257631259, -190.20019364316238, 5137.640715077003, 97.15811150773077, 15717.332734457785, 1.1187920386242645, 150.1077751551473, 
-8.755028998779004, -137.41816907051285, 133.05910409035408, 77.64247700285124, 68.68829047942152, 124.4748063568376, 62.80866057590569, 47.40208619505495, -123.41937671703297, 65.68093451018497, 106.18997840352061, 1821.9806843030158, 4495.570168971514, 6933.4108296941895, 67.29236371131555, 2412.7677772073616, -113.59105425824177, 1.1319207579273245, 114.94226190476192, 132.89979395604396, 3684.6681289478206, 9919.385689818402, 194.99091880341882, -128.5515644078144, -198.10068776709403, 4151.798451347984, 103.91746118035827, 16204.026545713095, 1.1066190291621223, 156.59537748691804, 
-38.22740384615385, -177.76111778846158, 184.54907661782664, 92.21787699978451, 99.9263777425244, 171.87777110042737, 75.41061722100362, 79.23541380494507, -151.16481799450554, 43.06162560884512, 61.21634907891187, 3627.601841114054, 9889.30734807993, 6374.814643256245, 57.15698951261785, 3595.6506533022766, -117.50498798076926, 1.1304419193456419, 93.87818223443224, 113.3301253434066, 1853.8695901976316, 3747.436873569218, 168.01157184829063, -101.41964285714286, -160.8675080128205, 3265.5057407916383, 100.04337342331722, 16354.486162380339, 1.10821406590538, 160.90555600551872, 
8.581662087912088, -125.23123664529913, 183.16214133089136, 86.53992750010666, 74.85827729707894, 166.83490251068378, 61.33383525092875, 29.311014766483513, -143.68485576923078, 72.04519753096379, 116.3161638453597, 1963.794385990077, 5572.466357614761, 6856.352078173225, 75.45769077280434, 1965.6211993693607, -125.59378434065934, 1.1390924097896997, 84.60305250305251, 124.02821085164837, 4537.843498191128, 12879.023121536577, 180.0304086538462, -139.21362942612944, -210.79190705128207, 4881.590547157108, 100.67547725098508, 16845.731825441424, 1.0841511830946449, 155.37215157879868, 
-34.84674908424908, -132.4593482905983, 130.28523351648352, 71.14290054959145, 64.30339905893803, 86.48519631410258, 52.20870198900296, 57.05645604395604, -110.37293097527473, 67.43882583277188, 107.81358336253538, 1584.784667638227, 3932.7890420159833, 6464.37298748609, 71.20276837011531, 1926.7083645638422, -121.59287431318683, 1.1423067664097561, 127.33799603174604, 116.28731971153849, 4543.908936526588, 11557.959433716906, 184.4008947649573, -112.68849206349208, -180.19850427350428, 5051.193384699804, 99.3093954583432, 16158.637378600926, 1.115871472674028, 156.64927659411222, 
5.547741147741135, -90.68758680555558, 140.42719780219784, 95.42751177026707, 66.58162248399212, 99.09236778846153, 61.88989646728496, 26.96265453296703, -108.19852335164835, 83.645050188532, 108.59816044445101, 2032.3850186836542, 3921.9518639367157, 6278.515698813554, 78.81713666905206, 1851.9171428721081, -121.33194539835165, 1.154888031984907, 126.90457875457876, 131.94305460164836, 6193.81369670027, 11413.476964935553, 194.1504407051282, -143.11438492063493, -188.01495058760688, 5297.898568514838, 89.68049775600188, 15027.427830474531, 1.1156033585966543, 148.98691050901536, 
-6.154525335775345, -165.82632879273507, 177.7877670940171, 89.366753062165, 86.64127006196799, 211.21214610042733, 76.61660504673375, 69.75499656593408, -147.163907967033, 57.21144833289142, 94.77852951822976, 2585.092487553718, 7493.866065465869, 6610.666503675057, 65.064954792131, 3566.3917643075, -119.5054429945055, 1.1290247840105863, 121.53020451770452, 111.06874141483519, 3242.832318751858, 8224.104342197143, 167.59133279914533, -125.69101037851038, -169.10419337606842, 4105.1294261914645, 101.45053895076018, 16409.034183432934, 1.1097758153171176, 156.77898617261806, 
-4.594223137973136, -135.4010216346154, 148.05534188034187, 76.58950049257659, 66.31148064232279, 128.76124465811967, 55.27578141251275, 40.09607657967034, -122.37566105769231, 71.34216902089068, 98.5115268586126, 2257.350300338114, 4322.386494771316, 6864.886560838022, 75.64820610732768, 2452.627444199841, -131.76910199175825, 1.1624198852636451, 135.74629120879123, 103.93668440934067, 4666.224149301913, 9623.765685948161, 173.13848824786325, -122.83045634920636, -199.94973958333335, 4866.368415679702, 100.28083282065582, 16604.61730866023, 1.1026158534385953, 161.85110721872505, 
1.6469856532356495, -107.83334001068377, 117.71613247863247, 53.834786341844385, 66.45717456740854, 71.1044471153846, 39.291466580087516, 29.745896291208787, -89.15071256868133, 82.00883635662579, 105.18247707193265, 1255.5263071864902, 2711.3310639626206, 6329.018122230093, 91.14058872442399, 1327.7588762551857, -131.50817307692307, 1.148963994777576, 140.51388125763128, 131.42119677197803, 6404.475623758507, 10916.629432225542, 188.6032852564103, -129.67844932844932, -196.25163595085473, 7753.655741780606, 93.09966955141692, 15283.45820551596, 1.114140753636484, 153.88168876626224, 
-21.670863858363855, -146.74747596153847, 145.10810439560439, 81.55799921049831, 74.87893481642135, 112.62406517094018, 66.58975659952252, 53.92530906593407, -128.63795501373625, 62.0992603361484, 78.312072584483, 2167.4357884861274, 5468.0039377512185, 6582.690139730487, 56.81711659169998, 2794.53785957826, -112.11245707417584, 1.1508599951698564, 175.70736416361416, 116.20034340659342, 3838.861259112798, 6114.979063386566, 256.76605902777777, -118.92970085470085, -137.5022168803419, 3206.353723462264, 100.76459357368316, 16653.23172170897, 1.0994778644835665, 165.84954361801442, 
-78.88194444444446, -201.37855235042736, 162.35811202686205, 80.48177318055568, 72.09900562562737, 119.76812900641025, 67.58042327295236, 89.84652300824177, -127.07238152472527, 67.15733563958331, 110.73091072220414, 2540.821868918666, 4924.786071815751, 6461.1257279780375, 69.76559559117231, 3214.5614099173486, -121.94077953296704, 1.143376732016889, 111.4749236874237, 113.59105425824177, 4510.1033901088595, 12175.299386871951, 192.46948450854705, -101.5063263125763, -182.13160389957267, 4825.588835360792, 96.93702417751908, 16409.60974682265, 1.1046770032594975, 155.64754788641244, 
-19.850511294261295, -136.74578659188035, 167.99253663003668, 88.96990214493599, 73.74675347121541, 136.32554754273505, 73.21972209638666, 59.404816277472534, -125.59378434065934, 41.58274656346843, 65.83402656173232, 2483.6968394708438, 5407.51360580447, 7042.064147861691, 60.48593644425713, 3754.269215915154, -125.68076064560441, 1.1545129910069933, 92.57793040293042, 122.72356627747254, 1729.1036041875172, 3923.969058279551, 75.64302884615384, -121.53020451770453, -190.78852831196585, 3375.9461759409587, 109.44275887470647, 17522.25194126911, 1.0816731661607375, 173.70574991338242, 
-14.476137057387055, -154.73201789529918, 202.1458180708181, 89.68210141664395, 81.83785954707282, 155.99273504273506, 72.48290696560007, 58.709005837912095, -173.08284684065933, 61.231617281318826, 95.63507744688275, 2855.487639049468, 6685.1163027197, 6463.270954050359, 64.5055542279169, 3314.440210771734, -121.15799278846154, 1.1353501998842417, 115.89577991452992, 119.76637190934065, 3743.25044574851, 8918.209416449503, 165.8263287927351, -103.84677960927962, -194.6547275641026, 4095.5941702846594, 98.10271459614681, 16280.9406925044, 1.1140297790811642, 156.991366687832, 
-17.25000763125764, -138.7629340277778, 130.19855006105007, 101.64530075264243, 68.88830648886174, 90.43544337606838, 63.242831998554415, 17.308284684065942, -107.15480769230771, 68.79779873948893, 115.8371283915889, 1640.6199303329067, 3488.7994064567592, 6211.81367032627, 55.88744891655115, 1428.437109169045, -107.58968921703298, 1.1372061183783275, 126.12442765567766, 121.50589800824179, 4556.504840956751, 11319.429486039659, 199.27735710470088, -132.71237026862028, -187.00637686965814, 2966.9770783884105, 96.10800601295647, 14021.005251386636, 1.1271366862823482, 139.95888911584066, 
-28.08543956043956, -166.66680689102566, 158.11062271062272, 79.47164155304439, 76.23332614968389, 100.0168936965812, 73.49849987719583, 96.97858001373626, -134.90024896978025, 62.05837059452203, 97.53202203774703, 2174.3305824302643, 5272.786059832129, 6507.529694520308, 64.41962837102699, 3264.8493514901415, -115.41755666208792, 1.1252548920980219, 106.53396672771675, 120.28822973901099, 3719.3631431457934, 8957.408432435608, 173.39063167735048, -122.31035561660563, -180.28255208333337, 4133.262927679795, 100.01136644102994, 16313.790486613623, 1.112587714895521, 158.85509208686202, 
15.949755799755799, -96.65498130341882, 129.7651327838828, 78.94322775097027, 58.825349703320214, 86.65329193376068, 60.19163496765509, 40.878863324175825, -109.15526270604397, 76.79008200639949, 119.64503509183334, 1509.2314825607225, 3401.975914240225, 6335.640142167701, 74.66890603472146, 1894.5794215183387, -117.41801167582418, 1.135849631726439, 124.39075854700857, 117.15708276098903, 5450.827448490224, 13453.9361905994, 187.0063768696581, -110.5214056776557, -179.77826522435902, 5238.521904579604, 94.70114147031315, 15819.600081942654, 1.105903699423392, 150.93291554761072, 
4.8542735042735, -128.92934027777778, 128.8116147741148, 75.0704208156668, 62.00109575230513, 88.83853498931626, 59.112222069056905, 23.222673420329677, -104.02366071428571, 64.68745064561877, 103.06751768895388, 1233.575097405606, 3580.5712038653587, 7199.6788958939605, 70.92779176749225, 1492.8437994288254, -122.28868475274726, 1.1344335181562821, 127.77141330891334, 119.41846668956045, 4085.78342513714, 10297.106816787345, 197.84854433760685, -114.68221153846154, -197.7644965277778, 5014.4366731583705, 108.12186230161981, 16336.37978497634, 1.1091962704544858, 159.909403621984, 
-10.315331196581202, -132.37530048076923, 127.25131257631259, 74.75074185708377, 62.60298392886398, 127.33243189102564, 53.53650372377215, 47.054180975274726, -104.02366071428574, 70.45854361614607, 115.21833667742057, 1628.0858212151134, 3777.495752480283, 6425.34642545738, 63.393300241796176, 1755.3136556405066, -128.0291208791209, 1.1320428887934038, 133.4925213675214, 99.2399639423077, 4800.174914454447, 12182.676860889389, 193.5621060363248, -129.9384996947497, -196.671875, 4010.8083775245286, 97.74685036385074, 15014.422448777595, 1.123578776778047, 146.6371865113326, 
-9.448496642246646, -142.46103766025644, 150.22242826617827, 89.05296109418009, 78.59666932753024, 151.5382011217949, 65.50366555121363, 49.57649381868133, -127.85516826923079, 59.54107795596538, 95.25865604106103, 2499.505378798238, 6174.356691249453, 6473.089279413793, 52.24253603727873, 2324.9569774952, -117.9398695054945, 1.1476700943937796, 138.5201617826618, 82.54051339285716, 3139.309469231306, 8311.637221695484, 203.64784321581197, -51.48997252747253, -86.56924412393163, 2417.909981589188, 99.61855192357142, 15444.022872441325, 1.1063414412469268, 152.5246262866536, 
-20.630662393162396, -132.2912526709402, 156.46363705738707, 88.51088502395663, 75.66025668533275, 132.039109241453, 62.76037800888422, 36.96492960164835, -122.54961366758242, 65.94078085120016, 104.17780104918965, 2316.541505347041, 5718.0998458022195, 6564.544198723881, 68.43788462104963, 2045.5268835237055, -122.11473214285715, 1.1392554490575002, 123.95734126984128, 126.55052369505495, 4333.293560334013, 10797.861856823885, 192.55353231837609, -110.26135531135532, -189.611858974359, 4681.036079395351, 98.9784034784419, 15880.415695716943, 1.11175979723678, 153.21642977438978, 
12.655784493284497, -97.24331597222223, 130.19855006105007, 75.02260318542037, 56.92193750607397, 85.98090945512823, 56.25708624175406, 49.92439903846153, -110.98176510989012, 79.75727729345412, 132.46750750307476, 1258.0875665926196, 3186.097103482277, 6733.196930047026, 74.62375167917811, 1868.7710366082638, -140.98859031593406, 1.1208750371322824, 165.30534951159956, 105.85016311813189, 6263.5710585542265, 16967.24189632428, 256.09367654914536, -121.96362179487181, -189.35971554487182, 5568.666357145683, 98.26870527367947, 16533.6995832661, 1.1020052613927298, 150.66695172715382, 
-24.704784798534803, -134.56054353632481, 149.09554334554338, 89.14806393955764, 76.03314774073067, 159.18655181623933, 66.74166983615802, 45.22767857142858, -138.6402300824176, 63.14297076014914, 107.77044237573764, 2265.243028464871, 5765.087903399925, 6349.033735114561, 63.67410717963196, 2393.1423785942366, -114.02593578296705, 1.130651333885231, 103.93346306471308, 109.8510731456044, 3984.934148604073, 11614.451929117256, 172.2139623397436, -122.3103556166056, -189.02352430555558, 4052.0910403610005, 97.83623346075912, 15985.884997604368, 1.11926317210058, 152.58437639082743, 
-74.28772130647133, -157.25345219017095, 203.0993360805861, 94.86356967930499, 69.04874144481654, 99.93284588675212, 60.38628993392653, 52.272759271978025, -120.288229739011, 89.69687318423027, 93.97832380499985, 4629.710261016665, 4767.460646091785, 10409.694792971966, 59.79531837316536, 2136.866426310887, -95.23905391483517, 1.1656986780623, 151.5226800976801, 108.54642857142859, 7879.69405268525, 8546.190423207248, 139.26722088675214, -164.87193223443222, -174.65134882478634, 3512.006539769037, 120.34022571825956, 11779.374695514593, 1.0892854970434198, 129.45677423520408, 
12.8291514041514, -128.92934027777778, 120.92342032967035, 86.68022034653082, 70.26414998104484, 104.6395232371795, 58.71124527398592, 31.137517170329666, -94.978125, 78.5100128856139, 130.438312502452, 1524.0954192241122, 4921.259841504149, 7026.716716979954, 61.12378380878426, 1048.8378924957424, -127.4202867445055, 1.1278036215194895, 127.33799603174604, 61.14434237637364, 3509.7475525907207, 10192.14274876378, 198.10068776709403, -105.66713217338219, -193.5621060363248, 2603.366987056746, 101.04194506588945, 14338.986826106244, 1.1170290783978376, 133.07992728889192, 
-11.355532661782657, -141.78865518162394, 146.92845695970698, 83.24368701748409, 66.09706368981246, 109.34620058760684, 54.466639992273016, 52.272759271978025, -116.20034340659342, 74.38136538033491, 108.37125120828235, 1741.6202807755556, 4216.341211303344, 6570.1117880544225, 72.00634810836897, 1943.2621323711783, -120.63613495879122, 1.1417676614826744, 119.01638431013433, 119.76637190934068, 5283.14574814731, 10725.35498083477, 167.25514155982907, -127.33799603174603, -197.3442574786325, 5171.8981120902035, 97.48394574389994, 15653.381226304447, 1.1083919498918862, 152.72991783777306, 
-4.074122405372403, -141.7046073717949, 180.73500457875463, 88.2437848794909, 95.98337600629118, 205.66499065170942, 60.46899981543191, 37.48678743131869, -111.85152815934067, 48.41134323720716, 75.5782731084844, 2861.8839828669693, 9196.803063125533, 6901.637714870055, 49.81251973414052, 1978.0148654672555, -127.59423935439563, 1.1211364352603688, 85.0364697802198, 91.58604910714287, 2343.3188328446217, 5678.248248672827, 177.8451655982906, -121.35683760683762, -197.00806623931626, 2432.289179934845, 105.83243529887841, 14908.45034870536, 1.1116274065072629, 149.54083550260654, 
-65.70605921855922, -235.6700587606838, 158.97745726495725, 86.28822617881671, 83.16203036385885, 132.79553952991455, 73.55668950659036, 64.44944196428573, -158.7317565247253, 66.06516645653406, 99.85730295688023, 2860.5198453351636, 6805.68899319971, 6808.947929253116, 66.8640864779619, 3614.073514761017, -122.81054258241758, 1.1530452758290057, 115.80909645909647, 125.41983173076923, 4347.780954354707, 9601.294710160595, 191.96519764957264, -125.95106074481077, -230.54314236111117, 4397.856130053802, 100.0266605779373, 16651.071528706238, 1.0931964652701083, 157.84029296697832, 
0.9535180097680183, -74.29826388888893, 159.1508241758242, 94.02578345283672, 63.01611761400713, 136.99793002136752, 72.48817525795874, 55.05600103021978, -126.2895947802198, 66.85154420272966, 104.96023211851042, 1867.3665039449804, 3777.498645908748, 6405.022043398052, 67.67778251479943, 2523.912484307575, -122.9844951923077, 1.1451385982194708, 114.50884462759461, 129.2467891483517, 4434.2204296581385, 11011.45476867527, 192.38543669871797, -122.22367216117219, -192.8056757478633, 4463.964687806231, 98.1926491835252, 16015.57456880029, 1.099378067153566, 156.95245984520415, 
5.461057692307685, -125.73552350427352, 154.55660103785107, 96.63812803224741, 70.39733369681447, 126.66004941239318, 68.30763944191175, 5.479507211538461, -120.46218234890111, 60.23611301006716, 94.30796173309582, 1385.8662784622013, 4618.840325952247, 6717.607908347762, 68.22677272112107, 1088.4743653388648, -129.3337654532967, 1.1149924356593428, 104.97366452991453, 130.20352850274728, 3627.8889849351954, 7679.0294603102375, 165.3220419337607, -127.77141330891331, -193.98234508547006, 3969.6891886675144, 104.53749577153468, 14874.861995678128, 1.1049446636253535, 151.63544442265007, 
-41.17464133089134, -128.17290998931628, 145.80157203907203, 71.8047299187747, 70.43749443750573, 100.68927617521368, 68.75738930098076, 78.27867445054947, -183.34605082417585, 64.6778737991082, 113.81932903289405, 2217.7482333956477, 3803.2200947123083, 7201.252440186638, 68.27676722970833, 3410.10988950969, -120.72311126373629, 1.1385628354630095, 70.38696581196584, 139.9448746565934, 3641.443942995409, 10698.545942002225, 172.12991452991454, -161.3179105616606, -252.4796207264958, 4581.585777417079, 105.8395818401073, 16614.8545072215, 1.094900044732016, 157.64098177928778, 
-33.89323107448108, -157.25345219017095, 195.47119200244202, 95.99531876379046, 78.68845387039781, 158.09393028846156, 75.05859997042137, 59.49179258241759, -164.1242874313187, 64.88734393943231, 99.59265999125081, 3134.693503666407, 6141.886433577087, 6280.696953115902, 70.03002178632276, 3322.3933542245977, -127.76819196428576, 1.1434227382538582, 118.84301739926741, 120.63613495879122, 4177.992418577842, 9918.497995007468, 185.49351629273508, -102.63321123321121, -165.0698985042735, 4790.942833610106, 94.28076926203727, 16367.39098613568, 1.1067634608711505, 157.17661974166634, 
-27.478655372405377, -137.2500734508547, 158.63072344322342, 93.4947353030106, 74.20095570990362, 140.35984241452996, 69.05464655893776, 44.966749656593414, -141.42347184065937, 63.69319102635348, 101.32543496245282, 2074.7258682973224, 5197.09962242931, 6238.717368636527, 63.63534555695399, 2504.7336918616375, -115.41755666208792, 1.132223300103342, 119.36311813186812, 97.58741414835166, 4018.3875338758926, 10222.980072956334, 189.02352430555555, -112.68849206349206, -169.94467147435898, 3989.8048155581473, 97.01371300782492, 15961.88838254173, 1.1010301165162544, 155.5371501240256, 
21.064079670329672, -94.21759481837607, 157.1571047008547, 82.40396268082063, 62.77743985923807, 136.241499732906, 64.5361861757086, 40.443981799450555, -142.03230597527474, 73.58181266772786, 117.37214862962009, 1839.5042960198248, 3848.7512432634276, 6543.862245423199, 76.20189599161625, 1935.079912320119, -126.20261847527475, 1.1355395821893555, 128.72493131868134, 120.81008756868135, 5388.197731088186, 13183.937360152497, 176.75254407051284, -124.04402472527474, -191.20876736111114, 5701.038231890976, 97.26680196810314, 15905.608167024437, 1.0933201932918462, 151.65332200598294, 
-13.002518315018323, -140.86412927350432, 151.7827304639805, 92.5069282556863, 73.38633733126791, 139.85555555555555, 58.39310327183099, 50.27230425824176, -105.67621050824177, 62.84804944662514, 96.82921251062392, 1898.3507937921167, 4703.016873641639, 6656.724723040129, 66.2781837989364, 1840.8808942070777, -123.59332932692311, 1.1285136815865497, 116.1558302808303, 117.33103537087914, 3945.476807725872, 9331.899001314165, 190.6204326923077, -124.82417582417584, -194.99091880341882, 4391.113657511744, 101.92808930594884, 15445.52424252003, 1.1072429007855575, 154.43960583511426, 
10.141964285714295, -83.03923611111111, 143.02770146520146, 92.51028772605075, 54.19018240191357, 104.13523637820512, 68.82050019744065, 30.963564560439565, -106.80690247252748, 57.940023077983504, 91.95989628851606, 1676.4443079654118, 2725.3518723393704, 7011.4917315860885, 64.84978726957189, 2295.9939054749498, -86.10654189560441, 1.1702263723990711, 135.05282356532356, 132.986770260989, 3167.4664191560883, 4702.505053272167, 202.63926949786327, -94.05154914529916, -57.82489316239317, 3550.727214579155, 107.26713463149298, 16674.863196353464, 1.085136714996633, 166.60954112487056, 
-7.108043345543345, -145.57080662393162, 165.392032967033, 79.44708130470069, 70.32021832043348, 140.02365117521367, 63.16536645194496, 30.702635645604403, -131.07329155219782, 65.48697262202626, 98.29831423846184, 1801.990093109963, 4769.834387678136, 6718.581052270826, 71.37148605311783, 2118.5626662854256, -121.59287431318681, 1.140502892625388, 117.97618284493285, 129.85562328296706, 4288.381809321895, 9622.950439873392, 186.6701856303419, -122.48372252747254, -187.25852029914535, 5068.017817776547, 101.94064580130765, 16504.32987154496, 1.1026704737706559, 160.60032147598326, 
-16.469856532356538, -138.84698183760688, 130.02518315018318, 80.56543338095189, 58.17527363344886, 88.3342481303419, 57.765201450449204, 51.14206730769231, -126.2895947802198, 72.73404972913858, 117.62359312940649, 1503.2169712570135, 3383.971442595571, 6635.435699924402, 76.61537675122374, 1763.8081054245806, -118.37475103021978, 1.1249422851734747, 106.44728327228329, 129.68167067307695, 5219.367527595313, 13732.908288676617, 189.52781116452994, -130.371916971917, -190.7044805021368, 5797.618286157655, 99.3687170050006, 16247.765557229744, 1.0994971294959137, 154.55060841946116, 
-10.835431929181922, -97.32736378205131, 129.59176587301587, 86.8584400743834, 66.36636250068098, 130.02196180555558, 62.62706355110776, 62.709915865384616, -109.59014423076925, 67.01005638835204, 109.66014427290636, 1795.6730252243224, 4340.310945035001, 6701.98839474947, 72.59198728774082, 2022.144246219966, -120.63613495879123, 1.1297987285239826, 120.14326923076925, 130.81236263736267, 4460.524506051407, 11962.663544299914, 178.9377871260684, -127.68472985347987, -170.86919738247866, 5258.787618642256, 101.29642860585815, 16397.98707073001, 1.1088835800653336, 156.8857706994653, 
-64.83922466422467, -133.97220886752137, 160.62444291819293, 83.8973497798828, 75.6769858781178, 130.94648771367522, 68.24471271045881, 114.46081730769231, -148.4685525412088, 75.0105092824885, 117.38539819557168, 3082.231687950334, 5580.770406888123, 6321.004688862831, 65.99787007104496, 3499.3945452510725, -122.89751888736265, 1.1433336993820282, 135.91965811965812, 84.71492101648352, 5163.091450324097, 13408.627813435134, 193.3940104166667, -114.76889499389499, -193.98234508547012, 3649.0396863402707, 91.03628552583496, 15701.492725318212, 1.1157101869152766, 147.38702246950342, 
-26.005036630036628, -116.82645566239319, 138.26011141636144, 77.97429827600959, 64.5699080888503, 133.21577857905984, 60.539714449685725, 56.012740384615384, -134.9872252747253, 68.60815173887794, 105.62896414919125, 2369.8741059804343, 3993.5509493500144, 6367.386615277398, 76.08943865590902, 2673.944269317979, -122.89751888736266, 1.1436821204014258, 122.05030525030526, 132.98677026098903, 4702.13869519177, 11146.996520896528, 191.96519764957267, -124.39075854700857, -169.94467147435898, 5789.551536398619, 95.89732496296303, 16691.379134682615, 1.097457234013875, 160.64633130287993, 
-20.717345848595844, -108.16953125, 210.55411324786326, 89.97195332328714, 74.63050061184677, 181.96350827991455, 72.12934218969326, 60.27457932692309, -159.94942479395604, 53.36799829606982, 94.97882537990482, 2472.77368846131, 5569.396407409059, 6655.636091613049, 65.17096630365563, 2785.0077114768264, -125.59378434065934, 1.135882079165552, 75.67465659340661, 111.67757554945057, 2847.0969897831865, 9016.757826766057, 176.2482572115385, -94.65833333333335, -227.18122996794875, 4247.171465845119, 103.20277960370441, 16295.626952694996, 1.1136613083854436, 159.0473736545569, 
-21.93091422466423, -174.56730101495728, 173.02017704517704, 90.76635670136339, 89.23451400551538, 159.18655181623933, 63.7939672270313, 56.0127403846154, -147.07693166208793, 59.195595415523975, 95.42917130353761, 2937.142906842219, 7962.276033820949, 6284.751879761133, 66.68103183964433, 2226.854918266212, -116.37429601648353, 1.1117426831081072, 109.82793803418805, 118.0268458104396, 3498.5101832379733, 9105.66149060435, 171.54157986111113, -111.82165750915752, -167.00299813034192, 4428.726592161933, 96.68957052237823, 15874.175542530229, 1.0981047826764399, 152.36091920276021, 
-20.97739621489622, -146.99961939102565, 154.6432844932845, 82.70714283769303, 67.61590460176264, 128.08886217948722, 62.91166106738389, 34.61656936813187, -121.6798506181319, 72.43788829728562, 100.95685075078514, 1678.520991134105, 4517.752344430472, 6616.578761169321, 82.60716037669606, 1496.2523517281886, -120.98404017857143, 1.1526209200566775, 115.11562881562884, 131.24724416208792, 5168.149360574356, 10159.660035786072, 184.23279914529917, -132.01890262515263, -187.17447248931626, 6695.860380575114, 98.84469230204817, 16534.18721355639, 1.1133904045199265, 160.35384435098337, 
-16.55653998778999, -102.9585670405983, 168.0792200854701, 87.36078883311458, 66.98553708227789, 157.7577390491453, 64.57484519811602, 61.14434237637363, -121.0710164835165, 64.91485937894221, 105.47096128803008, 2021.6816858631075, 4422.068496108463, 6514.544171798038, 71.46745542463002, 2464.5221430736005, -122.20170844780222, 1.126129205440485, 109.22115384615387, 119.67939560439561, 4185.055069749863, 11074.374744150504, 177.59302216880343, -107.74753510378513, -190.53638488247867, 5080.290954192268, 99.55540174481042, 16469.25070210632, 1.1039229691236774, 158.63607823773205, 
-13.522619047619047, -141.62055956196582, 139.38699633699636, 84.07843696040756, 61.28136939190342, 87.073530982906, 66.3179399333818, 46.27139423076923, -116.02639079670331, 68.33565504623948, 93.56248396721966, 1682.120411788067, 3748.7050090134076, 6928.373733283335, 76.68322341735998, 2285.2660859484163, -129.15981284340663, 1.1359512840616568, 130.7186507936508, 116.02639079670331, 3213.989032096992, 6686.124029602087, 181.71136485042734, -116.15583028083029, -117.1626469017094, 4618.072211010836, 103.3479868472208, 16552.15958905463, 1.0976421901898683, 163.8688422810891, 
5.807791514041521, -98.50403311965812, 178.39455128205128, 83.02368318511806, 65.66897796181668, 91.94830395299147, 63.03538800521719, 32.96401957417582, -157.77501717032968, 39.827134090209015, 54.377010348002116, 2432.7756987120347, 4312.226582396921, 6944.1026931124, 49.420095665858106, 2933.5695378829605, -117.15708276098903, 1.1474337357847122, 65.9661095848596, 101.5883241758242, 1553.983263061866, 2785.2132904834784, 92.87282986111113, -75.41460622710625, -82.70304487179487, 2442.1967246510803, 108.98952808388998, 16320.12968038736, 1.0948767084287991, 170.31064688498748, 
20.11056166056166, -88.7544871794872, 112.08170787545788, 75.37825019422097, 53.23463806989372, 70.17992120726497, 53.43612393385066, 19.308739697802196, -96.7176510989011, 77.165430908668, 125.32170935371565, 1088.7562680375634, 2798.995730085558, 6365.915889848577, 82.66378105990233, 1238.5040442873394, -122.02775583791208, 1.1270067335784524, 113.38195970695972, 114.19988839285715, 5954.495600154819, 15703.282596210469, 186.08185096153846, -114.68221153846154, -179.6101696047009, 6832.682485216402, 95.9697961966064, 16411.037520966016, 1.1122328413753753, 153.52462916164515, 
-12.915834859584864, -98.08379407051281, 129.15834859584862, 96.36719936375353, 50.66498181602193, 85.3925747863248, 73.53754565609981, 44.270939217032975, -130.81236263736267, 72.36268611025059, 113.2849210408749, 1152.5932302036165, 2076.8407882875927, 6559.175003604378, 69.75017474526739, 1849.8449715939191, -126.55052369505498, 1.1434635456413245, 130.02518315018315, 131.42119677197803, 5173.035879001045, 12718.241992819827, 196.7559228098291, -117.80281593406593, -180.9549345619658, 4839.813831241004, 99.618643945607, 16613.244766379223, 1.0939778281342283, 160.53452111927834, 
-25.138202075702075, -141.36841613247864, 155.25006868131868, 84.31757769102146, 66.90210308250384, 119.34788995726494, 66.94534042967935, 51.489972527472545, -131.76910199175825, 60.218247191523936, 96.19406920004147, 1913.0680567568825, 4474.8468691863, 6759.231679866806, 65.12278797396169, 2555.806056776702, -118.63567994505496, 1.1338834912393048, 116.84929792429794, 105.93713942307693, 3549.6474633208686, 8774.299778689383, 177.50897435897437, -125.08422619047619, -183.39232104700855, 4240.712391774482, 103.67647121669135, 16675.424399974178, 1.09187259611355, 162.74758336369862, 
-61.02515262515263, -115.48169070512822, 163.65836385836388, 66.82898648941831, 68.1215146401952, 131.2826789529915, 51.69688069598202, 117.5919642857143, -103.32785027472528, 71.42449308458639, 109.04117710419952, 1970.0242671820763, 4108.80680679221, 6772.083418693551, 74.41640806697269, 2306.5605265372124, -128.20307348901102, 1.1530598679223791, 137.39327686202688, 70.53778331043956, 4022.1366578819247, 11065.865216246346, 201.1264089209402, -91.97114621489622, -183.4763688568376, 3815.4178525769325, 100.04211911790455, 15836.658015370353, 1.1058996878507126, 153.86332725899925, 
-26.871871184371187, -141.03222489316244, 145.2814713064713, 85.60954782613983, 72.39787401769347, 143.30151575854703, 61.83436391101587, 37.74771634615386, -138.1183722527473, 66.18995857949307, 106.26497079915542, 1951.5978427829357, 5218.112943208266, 6511.62723768957, 69.12529809880333, 2033.4579140771466, -121.15799278846156, 1.1253640488160317, 115.20231227106228, 122.54961366758243, 4374.509326499763, 11269.80546990101, 173.39063167735046, -126.99126221001222, -191.8811498397436, 4777.672101652631, 99.28192305556018, 15883.64772312648, 1.1182564391021792, 153.33661325716093, 
-17.07664072039072, -125.39933226495727, 172.67344322344326, 82.34225826492963, 72.33340069071777, 156.16083066239318, 60.46591468682494, 33.83378262362636, -108.98131009615386, 85.63355855931313, 133.01907495764135, 2004.3984506979612, 4999.877005472727, 6381.4742874020385, 76.44087121828139, 1338.0314232907265, -110.11200206043958, 1.1357820947531516, 128.9849816849817, 132.11700721153846, 7192.404905354755, 17592.55555059973, 196.41973157051285, -146.06162240537242, -260.96844951923083, 5579.801082361644, 89.96775074263802, 15303.777759005832, 1.1084919674907143, 138.78249120109498, 
1.646985653235646, -105.98428819444447, 143.28775183150185, 90.37536249473848, 60.40998994262281, 88.33424813034188, 75.28247527170633, 51.576948832417585, -115.33058035714286, 58.18856531531938, 90.84601291378158, 1422.2312087863068, 3648.6773333943975, 7007.861725859236, 64.60515389984482, 1670.0737765621948, -122.98449519230769, 1.1337927126607898, 122.05030525030526, 132.81281765109892, 3326.3905695823432, 8180.594976785564, 187.84685496794873, -87.98370726495726, -181.87946047008552, 4113.364685112506, 107.75738155967655, 16725.337473572286, 1.104348579867228, 165.83074880516548, 
-37.62061965811966, -176.1642094017094, 133.4925213675214, 69.54657441005916, 77.41058435965829, 129.7698183760684, 57.38411329886516, 80.19215315934066, -116.11336710164835, 58.60242425334331, 98.9929119171761, 1898.5550068613645, 5461.594496394421, 6670.45234730195, 63.01901171204463, 2622.0464975796385, -115.6784855769231, 1.123526202545178, 117.97618284493285, 108.8943337912088, 3432.91097265026, 9794.324138939608, 189.10757211538464, -95.87190170940174, -185.15732505341882, 3971.3042234688655, 103.31749671274852, 16351.132969828242, 1.105320913303269, 158.34036246812872, 
9.795230463980467, -97.74760283119659, 156.55032051282052, 64.50350009977782, 62.75242731001021, 96.48688568376068, 51.85604327238026, 42.705365728021974, -122.4626373626374, 60.5318731111625, 103.09359718419688, 1495.5403824543434, 3166.541030823554, 6666.85694214105, 69.07416326796259, 1973.8358092004453, -119.15753777472528, 1.143234943094992, 129.85181623931624, 123.59332932692308, 3658.7268896221317, 10341.531025506622, 192.46948450854705, -128.3781974969475, -204.74046474358977, 4295.2525934218575, 103.70096364972696, 15752.329155798197, 1.112351413096952, 156.86695925527434, 
-28.432173382173385, -152.46272702991453, 166.6922847985348, 80.284533648916, 74.78871274306388, 132.20720486111117, 64.1416890478171, 53.57740384615386, -131.07329155219782, 67.64328545754034, 115.50999923565071, 2061.538916951442, 5483.469945831237, 5829.9356305791, 65.16867025184338, 2584.9907010365473, -106.45899725274727, 1.113611468105551, 123.35055708180707, 119.67939560439561, 4555.731413712501, 13240.837828966338, 209.69928552350427, -113.9887438949939, -201.9668870192308, 4246.554655983341, 91.3306890860752, 15908.164852972051, 1.1045445897548627, 149.677368935048, 
-20.630662393162396, -135.48506944444446, 176.054097985348, 100.88285492417393, 82.79886024521912, 151.706296741453, 68.97793049725894, 28.9631095467033, -116.80917754120878, 54.713358328122, 91.41343495432332, 2345.6538300369725, 6179.422835836714, 6635.49940379822, 53.02998022988693, 1980.959624197473, -120.98404017857143, 1.1217395924688909, 123.3505570818071, 98.54415350274728, 2983.4420467741043, 8354.055583736683, 185.5775641025641, -128.03146367521367, -189.69590678418805, 2781.463596570479, 102.96308126123274, 14956.687460377698, 1.1218664677474042, 150.4840704452232, 
-10.748748473748476, -140.35984241452994, 136.26639194139196, 63.273483736452064, 73.65752494301829, 132.2912526709402, 56.625916487790526, 48.35882554945056, -120.81008756868133, 65.35371027503544, 100.94665548650181, 1516.7902995968582, 3718.2618466344056, 6653.359646681411, 69.2130875758524, 2096.114612118801, -122.28868475274726, 1.1307490336274564, 122.91713980463982, 127.50726304945056, 4246.385041778277, 10130.541204657216, 196.9240184294872, -124.56412545787548, -198.6049746260684, 4781.623993722309, 102.0429831992762, 15953.934777186212, 1.1092912062130258, 157.96716432252617, 
-15.863072344322346, -154.479874465812, 165.1319826007326, 86.18211081965514, 74.73906865837817, 119.43193776709404, 63.99838032932757, 60.622484546703305, -128.02912087912088, 59.1026056041663, 93.15550312857918, 2017.3645499255033, 5580.310781255563, 6739.50295833236, 69.08664283402932, 2194.5744597997937, -117.93986950549453, 1.137320473793365, 115.11562881562882, 122.54961366758243, 3472.1383484049143, 8636.065103554289, 182.2996995192308, -121.7902548840049, -174.56730101495725, 4738.271701406528, 103.55561137428118, 16576.10489944869, 1.1040155941923704, 161.3167087647781, 
-16.209806166056165, -152.21058360042736, 164.7852487789988, 90.72225677173071, 73.88591286495273, 132.87958733974358, 66.43933603140026, 61.31829498626375, -130.63841002747253, 64.26437556624494, 105.10806320907452, 2208.9185248282415, 5345.4075201094165, 6427.941179365506, 61.93775593174365, 2403.1128872998947, -116.20034340659343, 1.1335513586780397, 94.22491605616607, 116.02639079670331, 3863.882157046927, 10628.793655121095, 187.00637686965814, -125.60432692307693, -195.6633012820513, 3631.0302182100068, 98.419856293622, 15669.790257537945, 1.109107626425382, 152.12831517912693, 
-19.157043650793646, -135.31697382478634, 164.35183150183153, 90.28352333389054, 75.6822428606907, 156.16083066239318, 67.82459551003855, 70.79871222527474, -137.5095381181319, 60.08159050473331, 96.95348062819218, 2108.5001082960985, 5611.267685421376, 6591.882517051394, 68.297580643497, 2462.0305023572278, -122.02775583791211, 1.1192068768101346, 109.13447039072038, 123.50635302197804, 3609.2520717560947, 9363.316751777675, 181.6273170405983, -98.03898809523812, -174.5673010149573, 4654.689970880109, 101.61011869477129, 16393.457521493445, 1.1114364749984083, 159.00091980021875, 
-31.46609432234433, -177.5089743589744, 190.01013431013433, 96.92650024265775, 97.8570248789728, 185.24137286324788, 89.13571574378562, 87.41118646978023, -189.34741586538465, 50.67963178182541, 83.85251974507851, 4099.415134418011, 9487.196088474724, 6324.57628960379, 53.7197119731761, 5552.792581058024, -110.89478880494508, 1.1925505582079208, 103.76009615384616, 110.89478880494508, 2526.697985221873, 6996.986411178916, 146.24318910256414, -116.58924755799757, -182.29969951923078, 2820.2662141349983, 96.51545199204048, 16145.437897019703, 1.1159205984889264, 155.02146695216976, 
-39.354288766788756, -169.77657585470087, 129.67844932844935, 78.8310820083148, 64.1458060494741, 86.73733974358973, 58.474275252050575, 31.31146978021976, -118.28777472527472, 78.19317217399856, 123.83521016505938, 1773.6133971307995, 3999.597401063981, 6610.300285297828, 79.39375296656658, 1767.7280918663998, -154.8178228021978, 1.1220645595061043, 109.13447039072042, 132.3779361263736, 5723.152008334328, 14636.720445562412, 185.66161191239314, -151.00257936507938, -204.57236912393165, 6025.773058625345, 96.31566738965147, 15588.35155719516, 1.1098558144315225, 146.66057675989865, 
-36.840468559218564, -182.13160389957267, 121.7902548840049, 82.1166991244432, 77.13944982443368, 90.26734775641027, 62.080064991526285, 52.794617101648356, -112.80826751373627, 59.603501093354254, 99.71944337872844, 2109.048595794345, 5935.780267877492, 6477.86917988738, 69.40263339487828, 2231.69876387463, -119.5054429945055, 1.1120923205494415, 86.68345543345545, 120.54915865384615, 3502.2992217259252, 9939.966036153543, 174.3151575854701, -102.28647741147742, -170.3649105235043, 4635.54172843596, 100.62268824964303, 16728.395149311924, 1.110206568297264, 159.74015296976336, 
-24.704784798534796, -134.39244791666667, 197.37822802197803, 79.22519378019688, 74.80115119708324, 189.1916199252137, 59.11527802942925, 101.32739526098902, -124.46309237637362, 68.27817365063282, 109.22267550151344, 2171.2893153117375, 5537.125638066372, 6600.813743054144, 73.81322099185012, 2502.6269279110584, -119.59241929945057, 1.146961107459302, 118.32291666666666, 121.15799278846154, 4639.377019550708, 11921.787809123567, 186.16589877136755, -130.11186660561663, -175.23968349358978, 5387.930367881573, 98.91930210994937, 16267.382682924435, 1.1042186715997202, 154.27704341528337, 
-31.552777777777784, -132.62744391025643, 167.299068986569, 92.77554606852232, 69.40141112091054, 128.92934027777778, 70.45858075497324, 50.9681146978022, -135.42210679945055, 69.31745047478523, 111.89251052101648, 2297.109692856007, 4708.219393650197, 6379.819883221778, 69.78500019190756, 2659.3631311031327, -118.20079842032969, 1.1457801481856273, 112.34175824175826, 120.8970638736264, 4803.783207664932, 12475.802616398716, 187.5106637286325, -112.86185897435898, -184.14875133547008, 4855.828374571451, 95.96160925001936, 16058.341442039544, 1.0992789595727646, 153.30559752307187, 
-25.57161935286936, -136.4095953525641, 128.29151404151403, 76.19442794788796, 71.36403665372465, 131.61887019230767, 59.729120557278534, 51.7509014423077, -100.89251373626374, 63.57726993864906, 106.37293491700171, 1846.8759477985689, 4785.559493235182, 6816.979591636408, 68.82771289215577, 1977.9558715256092, -123.68030563186812, 1.1113480722617766, 123.00382326007326, 129.68167067307692, 3973.7402764186704, 11113.922644315673, 194.6547275641026, -95.78521825396827, -188.5192374465812, 4719.415523757604, 103.38997331921314, 15706.112357946256, 1.1088620166835128, 152.84581881048163, 
-20.630662393162392, -127.75267094017096, 146.92845695970698, 76.07734934277998, 71.12065675899494, 144.47818509615388, 58.493191412842464, 43.14024725274726, -104.458542239011, 64.6521705442726, 103.08776728736855, 1945.5478172082649, 4679.63573376272, 6740.600125687803, 73.53381340310538, 1838.7693855652544, -124.20216346153848, 1.130545279321669, 120.92342032967035, 122.72356627747251, 4164.956565186414, 10537.269856178775, 194.73877537393162, -122.65708943833944, -172.2139623397436, 5406.224735354979, 102.07093006693248, 16290.698856292362, 1.1166539966814206, 157.8861487387543, 
-14.129403235653236, -122.45765892094019, 128.46488095238095, 84.42216141777728, 64.16427349713213, 88.83853498931626, 56.60362596435371, 30.441706730769248, -107.15480769230768, 63.265063470339115, 100.879184045264, 1871.0579924009137, 4020.3544273747334, 6569.176586934051, 58.266108960355325, 1964.1216348600294, -116.28731971153846, 1.1293172972859455, 119.36311813186815, 113.15617273351648, 3859.78570491358, 10136.449608186556, 169.1041933760684, -121.44352106227106, -197.09211404914532, 3099.443459636858, 101.00292099595254, 15367.124243920653, 1.1099882419975757, 153.73928056074294, 
-12.135683760683767, -152.63082264957265, 120.57668650793653, 80.15575018083253, 63.44546209039623, 86.14900507478634, 62.53485033598719, 56.96947973901099, -113.67803056318684, 67.07132910311373, 106.35520377998468, 1725.4655915194091, 3957.2064813833754, 6584.047857282371, 71.24084034483224, 2260.7909108628164, -120.20125343406596, 1.1400239834701795, 118.92970085470088, 126.6375, 4495.617390690547, 11237.531106377653, 191.79710202991453, -101.59300976800978, -187.93090277777782, 5070.345984513463, 100.28001458404334, 16441.713624115702, 1.099895222345863, 158.89968320295256, 
-9.968597374847372, -134.89673477564105, 104.36688034188035, 63.017627280021884, 60.27371469127827, 67.57443910256411, 47.29450928852809, 39.57421875, -120.11427712912088, 72.74424966247116, 116.77466468506222, 1149.1587813933033, 2940.864302718006, 6027.858787614616, 77.7804717451187, 1577.0081102587587, -134.37839114010993, 1.1426979598434825, 120.49000305250307, 117.33103537087914, 5281.08022179766, 13397.266337076142, 178.01326121794875, -125.43096001221002, -179.778265224359, 5972.38777776665, 93.99614489464244, 15618.208280397179, 1.1240798956124618, 151.48538957035097, 
20.717345848595848, -79.76137152777777, 120.14326923076925, 76.83863033811016, 50.56427724377489, 117.41479033119657, 54.99900410839715, 46.35837053571429, -129.59469436813188, 82.83647885831047, 120.43934548466075, 1036.836784333369, 2556.6018121382112, 6468.568768971733, 91.28942642488953, 1611.272043326224, -124.02821085164835, 1.1486286050512426, 119.18975122100125, 123.94123454670333, 6644.011085916344, 13636.925987729484, 193.30996260683762, -126.4711614774115, -193.814249465812, 8308.695775458778, 94.80389248841594, 16887.52894522127, 1.1105465580120533, 158.88341327522738, 
11.788949938949946, -89.7630608974359, 111.4749236874237, 77.56064165804635, 55.80201144727907, 80.7699452457265, 53.33333403430828, 21.918028846153852, -98.19624828296705, 74.59191273754058, 125.92845959016401, 1110.5047314861865, 3113.5339864773846, 6387.7883496791, 82.3110646137975, 1348.563330642558, -119.1575377747253, 1.1273271168696308, 104.45356379731382, 128.7249313186813, 5563.458013349246, 15683.500474452961, 245.75579594017097, -110.60808913308914, -188.93947649572652, 6682.173011469638, 97.15115856587957, 16633.11274158445, 1.1024360557874833, 154.20917619439652, 
14.649503968253981, -106.82476629273503, 171.19982448107453, 82.50812335211745, 71.60886813505651, 135.90530849358976, 67.54606497093144, 26.440796703296698, -183.60697973901097, 70.19645702807837, 111.39091863548293, 1941.703403387865, 4976.2613170489085, 6287.956390498376, 84.25199237168854, 2027.464860675626, -120.89706387362638, 1.1151895568556458, 106.44728327228329, 207.96034512362638, 4896.379227311051, 12081.037161332208, 228.6940905448718, -117.80281593406595, -167.33918936965816, 7081.430428065433, 95.6100925093967, 16544.739120498605, 1.1140291704694396, 156.19660433327087, 
-16.81659035409035, -139.68745993589744, 173.7136446886447, 80.63570669742042, 67.63290439579458, 129.76981837606843, 63.06573603201381, 29.397991071428567, -123.41937671703299, 72.28831417529499, 114.50128249739758, 1783.1272543452455, 4424.950034390327, 6558.408203727043, 71.49698589293611, 1875.3442495524605, -112.28640968406594, 1.1326389913908272, 125.86437728937729, 113.76500686813188, 5171.36264468304, 12893.514812791005, 188.267094017094, -120.92342032967035, -182.0475560897436, 5107.775304454012, 98.04311601090812, 16086.415779400095, 1.099881975768332, 152.98720435000635, 
-3.293971306471306, -101.52975427350428, 172.41339285714287, 98.33845547833705, 63.51268267855795, 132.039109241453, 74.53719737105096, 44.61884443681319, -158.9057091346154, 73.3316293881758, 90.849597502118, 2605.1729825105667, 3736.647165800695, 5874.8245509884555, 78.92541807677016, 2977.86704047594, -125.68076064560441, 1.1619635670080566, 125.86437728937732, 133.1607228708791, 5363.504901341603, 8072.629202779215, 180.70279113247864, -134.53272283272287, -183.39232104700858, 6150.393124596753, 88.0812050119618, 16069.74683973843, 1.1143007606643467, 161.6921315754978, 
7.4547771672771574, -97.74760283119659, 140.77393162393162, 72.15737018158696, 54.817458379660465, 67.406343482906, 61.209536137752515, 52.620664491758234, -124.02821085164837, 78.02753352951099, 120.430963791543, 1363.1811471562198, 2501.214900275113, 6388.844222978285, 76.44338683619517, 2111.173051748274, -124.46309237637365, 1.1392213768185895, 122.570405982906, 122.81054258241761, 5907.864785305097, 14065.49911996132, 192.1332932692308, -121.61688797313799, -185.6616119123932, 5771.175347208853, 95.14173573163872, 16250.00236957451, 1.1055853612411959, 154.9115514386564, 
-7.541460622710634, -80.93804086538461, 145.88825549450553, 78.99565214778096, 53.618529354540996, 132.54339610042734, 62.4512545924264, 63.057821085164846, -136.7267513736264, 66.09297827802905, 109.32548836702996, 1563.1511867513773, 2874.9003952883427, 6890.517035264752, 70.38632483258309, 2697.995375519802, -123.85425824175827, 1.1424393772602646, 123.52392399267401, 130.5514337225275, 4271.586588810398, 11352.39194301972, 191.46091079059832, -113.29527625152626, -190.7044805021368, 4952.613346243153, 103.99671912288295, 17067.44247689895, 1.0882289888578984, 163.4668270714549, 
-9.708547008547008, -146.4953325320513, 124.21739163614166, 75.76937123211034, 67.42254117571622, 112.54001736111113, 53.33156949743626, 53.22949862637364, -121.76682692307695, 70.2040716359541, 108.98203215865063, 1571.4234871742767, 4523.551204566539, 7201.814368766446, 64.18114203258257, 1850.5131500007014, -120.28822973901099, 1.1316925916673422, 75.50128968253969, 124.02821085164835, 3543.6598341802837, 9863.636782928508, 163.72513354700857, -132.62568681318683, -199.78164396367524, 2875.937709945265, 105.61065834854298, 16141.543636170369, 1.09606678508159, 155.1862429577535, 
-22.19096459096459, -130.1060096153846, 169.29278846153846, 86.59094950013827, 76.45811844484852, 138.76293402777782, 70.50183609927001, 55.14297733516483, -144.2067135989011, 60.370704827520065, 90.62534514096848, 2677.4703481067863, 5840.27398112258, 6263.8590679906365, 64.45302186121896, 3485.6411135822987, -121.2449690934066, 1.144646507321039, 119.18975122100125, 120.28822973901097, 3613.8445695292135, 8096.491555979629, 190.8725761217949, -107.22743437118437, -166.83490251068378, 4144.387945644793, 96.78156829294566, 16709.92743807474, 1.1069147475132568, 162.45996828335396, 
-51.14323870573871, -158.8503605769231, 142.2475503663004, 95.93768176075683, 71.07633620943484, 98.50403311965813, 69.53055981526295, 59.14388736263738, -109.93804945054944, 61.71094246142568, 105.93651480991424, 2440.325907685202, 4941.187290227267, 6590.62617266564, 60.62140138878154, 2018.500178098576, -119.15753777472528, 1.1347185776067468, 126.38447802197804, 112.98222012362639, 3183.7849741919263, 6315.238853429528, 194.8228231837607, -54.95731074481076, -90.09925213675216, 3621.8304071326625, 100.28444137427297, 15263.00993966924, 1.1230413172454656, 149.81372984205842, 
-41.521375152625154, -183.98065571581196, 171.28650793650795, 92.443520550397, 84.42800754120591, 130.69434428418805, 76.92713683842376, 56.882503434065946, -194.82692307692312, 66.0108599748418, 99.56477521140931, 2667.0172261891707, 7119.553284203506, 6259.852913355811, 68.64235890446037, 2983.143935990848, -119.24451407967035, 1.115512355108903, 115.89577991452992, 131.24724416208792, 4356.995044191982, 9731.671692572789, 183.3082732371795, -162.96489621489624, -230.9633814102564, 4567.457248856302, 94.90774676657303, 15842.182994418328, 1.1040220654349602, 152.21043694597842, 
-13.43593559218559, -125.90361912393163, 155.16338522588524, 90.52800104180793, 72.76481353895144, 122.54170673076923, 57.691733832769316, 35.225403502747255, -118.54870364010992, 72.1613104971466, 111.62896107386025, 1824.3857722874145, 4971.213572858287, 6308.2482278280195, 73.9720746580308, 1557.9752170685879, -123.07147149725277, 1.1291552180915285, 117.28271520146522, 132.72584134615386, 5205.661808208809, 12093.034694645363, 194.06639289529915, -126.99126221001221, -195.57925347222223, 5275.291155662183, 95.39746434355335, 15352.085833141513, 1.116274224538403, 148.28368893657583, 
-13.262568681318687, -102.2861845619658, 151.69604700854705, 98.94300673673686, 64.7852337959323, 132.62744391025643, 68.61720723271402, 71.8424278846154, -125.33285542582419, 65.28886918530632, 108.64803908966975, 1717.4745439248381, 3079.9538503348904, 6355.782696930475, 62.57182011674539, 2295.816003760891, -95.32603021978022, 1.1315429601915172, 125.25759310134313, 130.02957589285717, 4262.577529567906, 11773.70001545095, 187.17447248931626, -114.07542735042738, -197.17616185897435, 3897.452862172876, 98.59771753012599, 15220.110841835272, 1.131388690449838, 151.65106844162986, 
-85.3832036019536, -197.09211404914532, 155.8568528693529, 71.9627837196578, 71.36180151680234, 98.50403311965813, 59.985844326497855, 98.89205872252751, -121.94077953296704, 82.11151982436239, 107.4019847675375, 2635.9112212170444, 4238.399986559276, 6160.225164238722, 86.88875750253668, 3070.26065515525, -163.3415006868132, 1.1605644159183124, 178.04781746031748, 134.81327266483515, 5830.439947653679, 10573.340352637684, 206.9257077991453, -129.24503205128207, -185.66161191239314, 6618.505185833139, 87.35756334705997, 16112.282597553467, 1.1110723186058953, 156.00567949861352, 
-75.50128968253969, -180.6187433226496, 159.67092490842492, 85.6076010468976, 78.38991752471709, 108.75786591880345, 71.99921428406394, 92.97766998626375, -142.55416380494506, 60.59876138495361, 102.90705926412775, 3160.430481833111, 5943.891271220492, 6539.286954759193, 62.92060433158933, 3625.194005903246, -116.8091775412088, 1.1423841702824475, 119.70985195360197, 130.37748111263738, 3668.883562354448, 10574.018432119312, 190.36828926282055, -115.46236263736266, -190.6204326923077, 3957.451177491567, 98.29676356781316, 16332.891895417506, 1.1001414871026607, 156.2014940134358, 
-35.28016636141636, -161.1196514423077, 148.835492979243, 82.74408911276511, 79.35965110708024, 126.5760016025641, 65.66337763434736, 66.71082589285714, -148.64250515109893, 56.94755749815272, 93.57323314139606, 2406.7823782009, 6219.835712878391, 6393.008226164429, 62.87788210328589, 2755.45770178355, -110.98176510989012, 1.136390440328773, 103.50004578754582, 124.02821085164835, 3235.038703573582, 8716.299490590312, 181.87946047008552, -113.29527625152626, -178.60159588675214, 3953.3665066898698, 99.80537616143586, 16243.00229300433, 1.1147831852799, 158.10791172266633, 
-4.507539682539679, -85.89686164529917, 149.87569444444443, 88.62723185198689, 63.515785708304065, 125.65147569444446, 60.29112890931048, 55.49088255494507, -99.58786916208793, 82.52104518469558, 121.98835549299852, 1951.5151284348594, 3754.0621918153565, 6559.433606166459, 70.39581437007408, 2305.9082525291424, -106.9808550824176, 1.1388355195195148, 140.080463980464, 133.7695570054945, 6616.111584399948, 14034.894242057046, 197.68044871794876, -129.59176587301587, -196.83997061965812, 4955.041974554885, 93.47859754472255, 15572.856569620679, 1.1085539328043155, 147.7433673820608, 
-8.494978632478636, -99.3445112179487, 162.18474511599513, 84.06408125624137, 59.114244187137764, 135.73721287393164, 59.42675114116256, 41.05281593406593, -130.02957589285717, 68.0080163802852, 96.26683802711618, 1961.461673060245, 3339.5122414758034, 6635.784575940134, 74.3578026453062, 2541.7398870151374, -126.55052369505496, 1.1379632863138978, 120.57668650793653, 129.42074175824177, 4473.321377493554, 9047.990985535494, 189.94805021367523, -132.7123702686203, -184.90518162393164, 5396.552440177079, 99.89140688447418, 16635.654188997185, 1.1074926115804165, 164.21906163837065, 
-23.231166056166053, -160.61536458333336, 161.40459401709404, 85.8925150218853, 74.68857819431571, 120.69265491452994, 66.48331752943382, 59.839697802197804, -123.33240041208794, 64.34531989811975, 101.87997193242802, 2489.359886929834, 5553.960237810081, 6549.6656337635395, 62.02376843578315, 2663.112236037328, -122.98449519230769, 1.146546146488448, 117.02266483516485, 120.02730082417584, 4140.310767202863, 10379.246526467217, 190.95662393162394, -132.27895299145302, -176.1642094017094, 3843.873291049244, 98.91658722209579, 16007.417993958983, 1.1123122217571426, 155.07447091167765, 
-44.208562271062284, -229.7867120726496, 122.05030525030527, 76.79838718899123, 76.54225504373125, 85.47662259615385, 60.878333833427774, 49.924399038461544, -128.02912087912088, 70.00420188505957, 108.43395929750858, 1898.1572325996708, 5546.95549615163, 6544.376652325777, 71.86681080770612, 2051.5468315781463, -120.89706387362638, 1.1291009327136607, 113.72869352869353, 122.02775583791211, 4885.668488670968, 11738.881107642193, 188.18304620726497, -130.11186660561663, -178.51754807692308, 5147.813333105109, 98.4346511527807, 16375.892706869086, 1.1040110418793179, 155.23964023790924, 
